[
    {
      "facility": "Advisory Committee for Environment & Design",
      "email": "doryong33@sunykorea.ac.kr",
      "number": "032-626-1165"
    },
    {
      "facility": "AMS Coordinator",
      "email": "younju.baek@sunykorea.ac.kr",
      "number": "032-626-1353 "
    },
    {
      "facility": "BUS Coordinator",
      "email": "heejae.heo@sunykorea.ac.kr",
      "number": "032-626-1357"
    },
    {
      "facility": "Cafeteria",
      "email": "",
      "number": "032-626-0660"
    },
    {
      "facility": "Career Development Team",
      "email": "careercenter@sunykorea.ac.kr",
      "number": "032-626-1195/1197"
    },
    {
      "facility": "Central Administration Center",
      "email": "",
      "number": "032-626-0101"
    },
    {
      "facility": "Counseling Center",
      "email": "counseling@sunykorea.ac.kr",
      "number": "032-626-1166"
    },
    {
      "facility": "CS Coordinator",
      "email": "minha.kim@sunykorea.ac.kr",
      "number": "032-626-1354"
    },
    {
      "facility": "Dean of Academic Affairs",
      "email": "jungmin.hong@sunykorea.ac.kr",
      "number": "032-626-1120"
    },
    {
      "facility": "Dean of Admissions",
      "email": "jinsang.lee@sunykorea.ac.kr",
      "number": "032-626-1130/1322"
    },
    {
      "facility": "Dean of Strategic Planning&Relations",
      "email": "anothermile@sunykorea.ac.kr",
      "number": "032-626-1100"
    },
    {
      "facility": "Dean of Student Affairs",
      "email": "rachel.ewing@sunykorea.ac.kr",
      "number": "032-626-1190"
    },
    {
      "facility": "Director of Administration",
      "email": "chonggon.kim@sunykorea.ac.kr",
      "number": "032-626-1110"
    },
    {
      "facility": "Education & School Development Institute",
      "email": "syoh@sunykorea.ac.kr",
      "number": "032-626-1604"
    },
    {
      "facility": "Education Development Institute",
      "email": "tg.shin@sunykorea.ac.kr",
      "number": "032-626-1340"
    },
    {
      "facility": "Entrepreneurship Center",
      "email": "jangik.lee@sunykorea.ac.kr",
      "number": "032-626-1386"
    },
    {
      "facility": "Executive Director of Research & Business Development Foundation",
      "email": "minkoo.han@sunykorea.ac.kr",
      "number": "032-626-1327"
    },
    {
      "facility": "External Relations Team",
      "email": "",
      "number": "032-626-1105/1106/1107/1108"
    },
    {
      "facility": "FD/FBM Coordinator",
      "email": "",
      "number": ""
    },
    {
      "facility": "Finance & Accounting Team",
      "email": "",
      "number": "032-626-1111/1116/1113"
    },
    {
      "facility": "Guest House Office",
      "email": "",
      "number": "032-626-1683"
    },
    {
      "facility": "Human Resources & Operations Team",
      "email": "",
      "number": "032-626-1140/1142/1147/1143/1144/1146"
    },
    {
      "facility": "IGC",
      "email": "",
      "number": "032-626-0114"
    },
    {
      "facility": "IGC 24 Hour Emergency Contact",
      "email": "",
      "number": "010-4768-1196"
    },
    {
      "facility": "IGC Health Center",
      "email": "chayj@igc.or.kr",
      "number": "032-626-0553"
    },
    {
      "facility": "IGC Housing",
      "email": " igchousing@gmail.com",
      "number": "032-626-4856"
    },
    {
      "facility": "IGC IT Help Desk",
      "email": "itcenter@igc.or.kr",
      "number": "032-626-0200"
    },
    {
      "facility": "IGC IT Techinical Support",
      "email": "hmlee@igc.or.kr",
      "number": "032-626-0207"
    },
    {
      "facility": "IGC Library",
      "email": "libmaster@igc.or.kr",
      "number": "032-626-0250"
    },
    {
      "facility": "IGC Security Office A",
      "email": "",
      "number": "032-626-0110"
    },
    {
      "facility": "IGC Security Office B",
      "email": "",
      "number": "032-626-0111"
    },
    {
      "facility": "Infirmary",
      "email": "health@igc.or.kr",
      "number": "032-626-0553"
    },
    {
      "facility": "Institute for Risk Society Management",
      "email": "wongkyong.moon@sunykorea.ac.kr",
      "number": "032-626-1701"
    },
    {
      "facility": "IT Service Team",
      "email": "",
      "number": "032-626-1175/1177"
    },
    {
      "facility": "MEC Coordinator",
      "email": "Youjin.Kim@sunykorea.ac.kr",
      "number": "032-626-1801"
    },
    {
      "facility": "Planning & Budget Team",
      "email": "dongyeop.yeon@sunykorea.ac.kr yspark@sunykorea.ac.kr",
      "number": "032-626-1101/1102"
    },
    {
      "facility": "Provost & Senior Vice President",
      "email": "alee@sunykorea.ac.kr",
      "number": "032-626-1200/1010"
    },
    {
      "facility": "Research & Administration Vice President",
      "email": "minkoo.han@sunykorea.ac.kr",
      "number": "032-626-1327"
    },
    {
      "facility": "Research & Business Development Foundation",
      "email": "",
      "number": "032-626-1701/1704"
    },
    {
      "facility": "Residential College",
      "email": "rc@sunykorea.ac.kr",
      "number": " 032-626-1198 "
    },
    {
      "facility": "SBU Admission Team",
      "email": "juyoung.ha@sunykorea.ac.kr hyemi.shin@sunykorea.ac.kr",
      "number": "032-626-1134/1132"
    },
    {
      "facility": "SK-FIT Academic Team",
      "email": "academic.fit@sunykorea.ac.kr",
      "number": "032-626-1123/1560"
    },
    {
      "facility": "SK-SBU Academic Team",
      "email": "academic.sbu@sunykorea.ac.kr",
      "number": "032-626-1121"
    },
    {
      "facility": "Student Affairs",
      "email": "student@sunykorea.ac.kr",
      "number": "032-626-1198"
    },
    {
      "facility": "Student Services Team",
      "email": "ecokim@sunykorea.ac.kr",
      "number": "032-626-1191/1192/1193/1194"
    },
    {
      "facility": "SUNY Korea Finance Team",
      "email": "finance@sunykorea.ac.kr",
      "number": "032-626-1112 "
    },
    {
      "facility": "SUNY Korea library",
      "email": "library@sunykorea.ac.kr",
      "number": "032-626-1124"
    },
    {
      "facility": "SUNY Korea President",
      "email": "president@sunykorea.ac.kr",
      "number": "032-626-1000/1001"
    },
    {
      "facility": "SUNY Korea Press",
      "email": "press@sunykorea.ac.kr",
      "number": ""
    },
    {
      "facility": "Title IX",
      "email": "Jooyoung.lee@sunykorea.ac.kr",
      "number": "032-626-1000/1144/1126/1191"
    },
    {
      "facility": "TSM Coordinator",
      "email": "minji.kang@sunykorea.ac.kr ",
      "number": "032-626-1355"
    }
   ]
