{
  "uscImage":"/img/uscLogo.jpg",
  "title":"Lorem ipsum dolor sit amet, consectetur adipiscing elit.",
  "midTitle":"Ultricies massa consequat aliquam, in tortor pharetra ipsum.",
  "content":"Eu molestie ipsum accumsan ipsum nisl, ullamcorper quis habitasse. Quam praesent non sed risus tempus, sed non. Aliquam nulla ac adipiscing fames tempor varius phasellus aliquam facilisi. Sed arcu enim est pellentesque vulputate. Arcu porttitor at scelerisque blandit. Ut a pellentesque risus at amet volutpat blandit consequat. Ullamcorper molestie in amet, eu nullam nunc, viverra semper sapien. Scelerisque volutpat diam, facilisi consectetur malesuada sit at. ",
  "mainImage":"/img/uscMain.jpg",
  "organImage":"/img/test1.png"
}